2026-02-26,Juan,100,https://www.evolmind.com/blog/el-poder-didactico-de-la-imagen/
2026-02-26,Juan,100,https://www.evolmind.com/blog/el-poder-didactico-de-la-imagen/
2026-02-26,Juan,100,https://www.evolmind.com/blog/el-poder-didactico-de-la-imagen/
2026-02-26,Juan,100,https://www.evolmind.com/blog/el-poder-didactico-de-la-imagen
2026-02-26,Juan,100,https://www.evolmind.com/blog/el-poder-didactico-de-la-imagen/
2026-02-26,Juan,100,https://www.evolmind.com/blog/el-poder-didactico-de-la-imagen/
2026-02-26,Juan,100,https://www.evolmind.com/blog/el-poder-didactico-de-la-imagen/
2026-02-26,Juan,100,https://www.evolmind.com/blog/el-poder-didactico-de-la-imagen/
2026-02-26,Juan,100,https://www.evolmind.com/blog/el-poder-didactico-de-la-imagen/
2026-02-26,Juan,100,https://www.evolmind.com/blog/el-poder-didactico-de-la-imagen/
